{
    "AngleBase": 1.5750000476837159,
    "AngleRange": 0.0,
    "xPosBase": 18.950000762939454,
    "xPosRange": 0.0,
    "yPosBase": 0.0,
    "yPosRange": 19.97100067138672,
    "forwardVelBase": 8.949999809265137,
    "forwardVelRange": 5.0,
    "sideVelBase": 0.0,
    "sideVelRange": 0.0,
    "forwardAccBase": 0.0,
    "forwardAccRange": 0.0,
    "sideAccBase": 0.0,
    "sideAccRange": 0.0,
    "rotationalSpeedBase": 0.0,
    "rotationalSpeedRange": 0.0,
    "alphaSpeedBase": 0.029999999329447748,
    "alphaSpeedRange": 0.0,
    "sizeXBase": 8.454999923706055,
    "sizeXRange": 4.664999961853027,
    "sizeYBase": 8.454999923706055,
    "sizeYRange": 5.830999851226807,
    "alphaBase": 0.4230000078678131,
    "alphaRange": 0.0,
    "colorRBase": 1.0,
    "colorRRange": 0.0,
    "colorGBase": 0.8889999985694885,
    "colorGRange": 0.0,
    "colorBBase": 0.4230000078678131,
    "colorBRange": 0.0,
    "isAnchored": false,
    "isRadial": true,
    "isBurst": false,
    "isActive": true,
    "doLoop": true,
    "isColor": true,
    "particleCount": 20,
    "lifetime": 0.5,
    "timeScalar": 1.0,
    "posOffsetX": 0.0,
    "posOffsetY": 0.0,
    "waveAlpha": {
        "center": 0.0,
        "height": 0.0,
        "width": 1.0
    },
    "waveForward": {
        "center": 0.0,
        "height": 0.0,
        "width": 1.0
    },
    "waveSide": {
        "center": 0.0,
        "height": 0.0,
        "width": 1.0
    },
    "waveSize": {
        "center": 0.0,
        "height": 0.8159999847412109,
        "width": 1.0199999809265137
    },
    "animIndex": 3
}