{
    "AngleBase": 1.5750000476837159,
    "AngleRange": 0.0,
    "xPosBase": 28.395000457763673,
    "xPosRange": 0.0,
    "yPosBase": -1.2350000143051148,
    "yPosRange": 22.222000122070314,
    "forwardVelBase": 5.0,
    "forwardVelRange": 5.0,
    "sideVelBase": 0.0,
    "sideVelRange": 0.0,
    "forwardAccBase": 0.0,
    "forwardAccRange": 0.0,
    "sideAccBase": 0.0,
    "sideAccRange": 0.0,
    "rotationalSpeedBase": 0.0,
    "rotationalSpeedRange": 0.0,
    "alphaSpeedBase": -0.006000000052154064,
    "alphaSpeedRange": 0.004999999888241291,
    "sizeXBase": 4.255000114440918,
    "sizeXRange": 0.0,
    "sizeYBase": 4.340000152587891,
    "sizeYRange": 0.0,
    "alphaBase": 0.0,
    "alphaRange": 0.0,
    "colorRBase": 1.0,
    "colorRRange": 0.0,
    "colorGBase": 0.8600000143051148,
    "colorGRange": 0.0,
    "colorBBase": 0.6499999761581421,
    "colorBRange": 0.0,
    "isAnchored": false,
    "isRadial": true,
    "isBurst": false,
    "isActive": true,
    "doLoop": true,
    "isColor": true,
    "particleCount": 25,
    "lifetime": 1.25,
    "timeScalar": 0.1599999964237213,
    "waveAlpha": {
        "center": 0.0,
        "height": 0.0,
        "width": 1.0
    },
    "waveForward": {
        "center": 0.006000000052154064,
        "height": 0.0,
        "width": 0.3790000081062317
    },
    "waveSide": {
        "center": -0.028999999165534974,
        "height": 0.12200000137090683,
        "width": 2.5360000133514406
    },
    "waveSize": {
        "center": 0.6010000109672546,
        "height": 0.43700000643730166,
        "width": 5.0
    }
}