{
    "AngleBase": 1.555999994277954,
    "AngleRange": 0.0,
    "xPosBase": 0.0,
    "xPosRange": 0.0,
    "yPosBase": 0.0,
    "yPosRange": 0.0,
    "forwardVelBase": 10.0,
    "forwardVelRange": 0.5830000042915344,
    "sideVelBase": 0.0,
    "sideVelRange": 0.0,
    "forwardAccBase": 0.0,
    "forwardAccRange": 0.0,
    "sideAccBase": 0.0,
    "sideAccRange": 0.0,
    "rotationalSpeedBase": 0.0,
    "rotationalSpeedRange": 0.0,
    "alphaSpeedBase": 0.1459999978542328,
    "alphaSpeedRange": 0.0,
    "sizeXBase": 24.7810001373291,
    "sizeXRange": 4.664999961853027,
    "sizeYBase": 26.5310001373291,
    "sizeYRange": 4.081999778747559,
    "alphaBase": 0.6909999847412109,
    "alphaRange": 0.0,
    "colorRBase": 1.0,
    "colorRRange": 0.0,
    "colorGBase": 0.11100000143051148,
    "colorGRange": 0.0,
    "colorBBase": 0.057999998331069949,
    "colorBRange": 0.0,
    "isAnchored": false,
    "isRadial": true,
    "isBurst": false,
    "isActive": true,
    "doLoop": true,
    "isColor": true,
    "particleCount": 5,
    "lifetime": 1.0,
    "timeScalar": 0.057999998331069949,
    "posOffsetX": 0.0,
    "posOffsetY": 0.0,
    "waveAlpha": {
        "center": 0.006000000052154064,
        "height": 1.003000020980835,
        "width": 0.1599999964237213
    },
    "waveForward": {
        "center": 0.0,
        "height": 0.0,
        "width": 1.0
    },
    "waveSide": {
        "center": -0.006000000052154064,
        "height": 0.7639999985694885,
        "width": 3.0759999752044679
    },
    "waveSize": {
        "center": 0.0,
        "height": 0.3619999885559082,
        "width": 4.460999965667725
    },
    "animIndex": 5
}