{
    "AngleBase": 0.0,
    "AngleRange": 6.28000020980835,
    "xPosBase": 0.0,
    "xPosRange": 91.24800109863281,
    "yPosBase": 32.5890007019043,
    "yPosRange": 81.93699645996094,
    "forwardVelBase": -0.09300000220537186,
    "forwardVelRange": 0.0,
    "sideVelBase": 10.0,
    "sideVelRange": 0.0,
    "forwardAccBase": 0.0,
    "forwardAccRange": 0.0,
    "sideAccBase": 0.0,
    "sideAccRange": 0.0,
    "rotationalSpeedBase": 0.008999999612569809,
    "rotationalSpeedRange": 0.0,
    "alphaSpeedBase": 0.04699999839067459,
    "alphaSpeedRange": 0.0,
    "sizeXBase": 12.47700023651123,
    "sizeXRange": 34.637001037597659,
    "sizeYBase": 12.104000091552735,
    "sizeYRange": 34.263999938964847,
    "alphaBase": 0.23000000417232514,
    "alphaRange": 0.0,
    "colorRBase": 1.0,
    "colorRRange": 0.0,
    "colorGBase": 1.0,
    "colorGRange": 0.0,
    "colorBBase": 1.0,
    "colorBRange": 0.0,
    "isAnchored": false,
    "isRadial": false,
    "isBurst": false,
    "isActive": true,
    "doLoop": true,
    "isColor": true,
    "particleCount": 10,
    "lifetime": 1.0,
    "timeScalar": 1.0,
    "posOffsetX": 0.0,
    "posOffsetY": 0.0,
    "waveAlpha": {
        "center": 0.004999999888241291,
        "height": 0.0,
        "width": 5.0
    },
    "waveForward": {
        "center": 0.0,
        "height": 0.0,
        "width": 1.0
    },
    "waveSide": {
        "center": 0.0,
        "height": 0.0,
        "width": 1.0
    },
    "waveSize": {
        "center": 0.0,
        "height": 0.0,
        "width": 1.0
    },
    "animIndex": 1
}