{
    "AngleBase": 1.5379999876022339,
    "AngleRange": 0.7319999933242798,
    "xPosBase": -49.93899917602539,
    "xPosRange": 0.0,
    "yPosBase": 0.9309999942779541,
    "yPosRange": 3.7239999771118166,
    "forwardVelBase": 10.0,
    "forwardVelRange": 15.97700023651123,
    "sideVelBase": 0.0,
    "sideVelRange": 0.0,
    "forwardAccBase": 0.0,
    "forwardAccRange": 0.0,
    "sideAccBase": 0.0,
    "sideAccRange": 0.0,
    "rotationalSpeedBase": 0.0,
    "rotationalSpeedRange": 0.0,
    "alphaSpeedBase": 0.1340000033378601,
    "alphaSpeedRange": 0.0,
    "sizeXBase": 35.86000061035156,
    "sizeXRange": 0.0,
    "sizeYBase": 35.86000061035156,
    "sizeYRange": 0.0,
    "alphaBase": 0.6069999933242798,
    "alphaRange": 0.0,
    "colorRBase": 0.9309999942779541,
    "colorRRange": 0.0,
    "colorGBase": 0.0,
    "colorGRange": 0.0,
    "colorBBase": 0.0,
    "colorBRange": 0.0,
    "isAnchored": false,
    "isRadial": true,
    "isBurst": false,
    "isActive": true,
    "doLoop": true,
    "isColor": true,
    "particleCount": 50,
    "lifetime": 0.75,
    "timeScalar": 0.9950000047683716,
    "posOffsetX": 0.0,
    "posOffsetY": 21.0,
    "waveAlpha": {
        "center": 0.0,
        "height": 0.0,
        "width": 1.0
    },
    "waveForward": {
        "center": 0.25,
        "height": 0.0,
        "width": 0.0
    },
    "waveSide": {
        "center": 0.0,
        "height": 0.0,
        "width": 0.0
    },
    "waveSize": {
        "center": -0.24300000071525575,
        "height": 0.8790000081062317,
        "width": 0.7239999771118164
    },
    "animIndex": 2
}