{
    "AngleBase": 0.0,
    "AngleRange": 6.28000020980835,
    "xPosBase": 0.0,
    "xPosRange": 0.0,
    "yPosBase": 0.0,
    "yPosRange": 0.0,
    "forwardVelBase": 0.028999999165534974,
    "forwardVelRange": 0.0,
    "sideVelBase": 0.0,
    "sideVelRange": 0.0,
    "forwardAccBase": 0.0,
    "forwardAccRange": 0.0,
    "sideAccBase": 0.0,
    "sideAccRange": 0.0,
    "rotationalSpeedBase": 0.0020000000949949028,
    "rotationalSpeedRange": 0.0,
    "alphaSpeedBase": -0.04500000178813934,
    "alphaSpeedRange": 0.0,
    "sizeXBase": 36.680999755859378,
    "sizeXRange": 0.0,
    "sizeYBase": 39.737998962402347,
    "sizeYRange": 0.0,
    "alphaBase": 0.0,
    "alphaRange": 0.0,
    "colorRBase": 1.0,
    "colorRRange": 0.0,
    "colorGBase": 0.8560000061988831,
    "colorGRange": 0.0,
    "colorBBase": 0.5720000267028809,
    "colorBRange": 0.0,
    "isAnchored": true,
    "isRadial": true,
    "isBurst": false,
    "isActive": true,
    "doLoop": true,
    "isColor": true,
    "particleCount": 50,
    "lifetime": 0.75,
    "timeScalar": 0.4659999907016754,
    "posOffsetX": 0.0,
    "posOffsetY": 85.0,
    "waveAlpha": {
        "center": 0.0,
        "height": 0.0,
        "width": 1.0
    },
    "waveForward": {
        "center": -0.9850000143051148,
        "height": 0.0,
        "width": 1.2970000505447388
    },
    "waveSide": {
        "center": -0.5419999957084656,
        "height": 2.0,
        "width": 0.2770000100135803
    },
    "waveSize": {
        "center": 0.028999999165534974,
        "height": 0.0,
        "width": 5.0
    },
    "animIndex": 1
}