{
    "AngleBase": 0.0,
    "AngleRange": 6.28000020980835,
    "xPosBase": 0.0,
    "xPosRange": 186.50799560546876,
    "yPosBase": 55.555999755859378,
    "yPosRange": 198.41299438476563,
    "forwardVelBase": 0.028999999165534974,
    "forwardVelRange": 20.0,
    "sideVelBase": -0.07900000363588333,
    "sideVelRange": 20.0,
    "forwardAccBase": -0.028999999165534974,
    "forwardAccRange": 0.0,
    "sideAccBase": 0.0,
    "sideAccRange": 0.0,
    "rotationalSpeedBase": 0.0,
    "rotationalSpeedRange": 0.0,
    "alphaSpeedBase": 0.054999999701976779,
    "alphaSpeedRange": 0.0,
    "sizeXBase": 31.777999877929689,
    "sizeXRange": 0.0,
    "sizeYBase": 33.52799987792969,
    "sizeYRange": 0.0,
    "alphaBase": 0.7929999828338623,
    "alphaRange": 0.0,
    "colorRBase": 1.0,
    "colorRRange": 0.30300000309944155,
    "colorGBase": 0.8019999861717224,
    "colorGRange": 0.15700000524520875,
    "colorBBase": 0.4749999940395355,
    "colorBRange": 0.0,
    "isAnchored": false,
    "isRadial": false,
    "isBurst": false,
    "isActive": true,
    "doLoop": true,
    "isColor": true,
    "particleCount": 60,
    "lifetime": 7.0,
    "timeScalar": 0.7289999723434448,
    "posOffsetX": 0.0,
    "posOffsetY": 87.0,
    "waveAlpha": {
        "center": 0.0,
        "height": 0.25699999928474429,
        "width": 2.565999984741211
    },
    "waveForward": {
        "center": 0.0,
        "height": 0.0,
        "width": 1.0
    },
    "waveSide": {
        "center": 0.0,
        "height": 0.0,
        "width": 1.0
    },
    "waveSize": {
        "center": 0.028999999165534974,
        "height": 0.15700000524520875,
        "width": 1.968000054359436
    },
    "animIndex": 4
}