{
    "AngleBase": 4.656000137329102,
    "AngleRange": 3.1500000953674318,
    "xPosBase": 0.0,
    "xPosRange": 86.20700073242188,
    "yPosBase": 0.0,
    "yPosRange": 0.0,
    "forwardVelBase": 10.0,
    "forwardVelRange": 5.673999786376953,
    "sideVelBase": 0.02199999988079071,
    "sideVelRange": 0.0,
    "forwardAccBase": -0.014000000432133675,
    "forwardAccRange": 0.0,
    "sideAccBase": 0.06499999761581421,
    "sideAccRange": 0.0,
    "rotationalSpeedBase": 0.004999999888241291,
    "rotationalSpeedRange": 0.0,
    "alphaSpeedBase": 0.00800000037997961,
    "alphaSpeedRange": 0.0,
    "sizeXBase": 61.334999084472659,
    "sizeXRange": 0.0,
    "sizeYBase": 65.01499938964844,
    "sizeYRange": 0.0,
    "alphaBase": 0.09200000017881394,
    "alphaRange": 0.14800000190734864,
    "colorRBase": 1.0,
    "colorRRange": 0.0,
    "colorGBase": 0.4090000092983246,
    "colorGRange": 0.0,
    "colorBBase": 0.4059999883174896,
    "colorBRange": 0.0,
    "isAnchored": false,
    "isRadial": true,
    "isBurst": true,
    "isActive": true,
    "doLoop": true,
    "isColor": true,
    "particleCount": 75,
    "lifetime": 2.0,
    "timeScalar": 1.1749999523162842,
    "posOffsetX": 0.0,
    "posOffsetY": 0.0,
    "waveAlpha": {
        "center": 0.0,
        "height": 0.0,
        "width": 1.0
    },
    "waveForward": {
        "center": 0.013000000268220902,
        "height": 0.0,
        "width": 0.2070000022649765
    },
    "waveSide": {
        "center": 0.004000000189989805,
        "height": 0.0,
        "width": 1.0
    },
    "waveSize": {
        "center": 0.006000000052154064,
        "height": 0.0,
        "width": 0.0
    },
    "animIndex": 7
}