{
    "AngleBase": 4.656000137329102,
    "AngleRange": 3.1500000953674318,
    "xPosBase": 0.0,
    "xPosRange": 86.20700073242188,
    "yPosBase": 0.0,
    "yPosRange": 0.0,
    "forwardVelBase": 10.0,
    "forwardVelRange": 0.0,
    "sideVelBase": 0.02199999988079071,
    "sideVelRange": 0.0,
    "forwardAccBase": -0.21899999678134919,
    "forwardAccRange": 0.21899999678134919,
    "sideAccBase": 0.06499999761581421,
    "sideAccRange": 0.0,
    "rotationalSpeedBase": 0.004999999888241291,
    "rotationalSpeedRange": 0.0,
    "alphaSpeedBase": 0.017999999225139619,
    "alphaSpeedRange": 0.0,
    "sizeXBase": 100.0,
    "sizeXRange": 0.0,
    "sizeYBase": 65.01499938964844,
    "sizeYRange": 0.0,
    "alphaBase": 0.33500000834465029,
    "alphaRange": 0.0,
    "colorRBase": 0.22599999606609345,
    "colorRRange": 0.0,
    "colorGBase": 0.16899999976158143,
    "colorGRange": 0.0,
    "colorBBase": 0.1459999978542328,
    "colorBRange": 0.0,
    "isAnchored": false,
    "isRadial": true,
    "isBurst": false,
    "isActive": true,
    "doLoop": true,
    "isColor": true,
    "particleCount": 75,
    "lifetime": 2.0,
    "timeScalar": 3.007999897003174,
    "posOffsetX": -3.0,
    "posOffsetY": 0.0,
    "waveAlpha": {
        "center": 0.0,
        "height": 0.0,
        "width": 1.0
    },
    "waveForward": {
        "center": 0.013000000268220902,
        "height": 0.0,
        "width": 0.2070000022649765
    },
    "waveSide": {
        "center": 0.004000000189989805,
        "height": 0.0,
        "width": 1.0
    },
    "waveSize": {
        "center": 0.006000000052154064,
        "height": 0.0,
        "width": 0.0
    },
    "animIndex": 7
}