{
    "AngleBase": 1.6480000019073487,
    "AngleRange": 0.0,
    "xPosBase": -1.4579999446868897,
    "xPosRange": 43.731998443603519,
    "yPosBase": 0.0,
    "yPosRange": 40.816001892089847,
    "forwardVelBase": 10.0,
    "forwardVelRange": 12.595000267028809,
    "sideVelBase": -0.4959999918937683,
    "sideVelRange": 0.0,
    "forwardAccBase": 3.003000020980835,
    "forwardAccRange": 0.0,
    "sideAccBase": -0.028999999165534974,
    "sideAccRange": 5.480999946594238,
    "rotationalSpeedBase": 0.0729999989271164,
    "rotationalSpeedRange": 0.0,
    "alphaSpeedBase": 0.12099999934434891,
    "alphaSpeedRange": 0.00800000037997961,
    "sizeXBase": 5.190000057220459,
    "sizeXRange": 0.0,
    "sizeYBase": 5.072999954223633,
    "sizeYRange": 0.0,
    "alphaBase": 1.0,
    "alphaRange": 0.0,
    "colorRBase": 0.3529999852180481,
    "colorRRange": 0.0,
    "colorGBase": 0.8889999985694885,
    "colorGRange": 0.0,
    "colorBBase": 1.0,
    "colorBRange": 0.0,
    "isAnchored": false,
    "isRadial": true,
    "isBurst": true,
    "isActive": true,
    "doLoop": false,
    "isColor": true,
    "particleCount": 151,
    "lifetime": 2.0999999046325685,
    "timeScalar": 0.48100000619888308,
    "posOffsetX": 0.0,
    "posOffsetY": 0.0,
    "waveAlpha": {
        "center": 0.0,
        "height": 0.0,
        "width": 1.0
    },
    "waveForward": {
        "center": -0.04100000113248825,
        "height": 0.0,
        "width": 2.4200000762939455
    },
    "waveSide": {
        "center": -0.04100000113248825,
        "height": 0.0,
        "width": 2.2009999752044679
    },
    "waveSize": {
        "center": 1.7549999952316285,
        "height": 0.9559999704360962,
        "width": 1.1660000085830689
    },
    "animIndex": 0
}