{
    "AngleBase": 1.5770000219345093,
    "AngleRange": 0.5049999952316284,
    "xPosBase": -2.5840001106262209,
    "xPosRange": 25.84000015258789,
    "yPosBase": 2.5840001106262209,
    "yPosRange": 36.17599868774414,
    "forwardVelBase": 10.0,
    "forwardVelRange": 5.0,
    "sideVelBase": 0.0,
    "sideVelRange": 0.0,
    "forwardAccBase": 0.0,
    "forwardAccRange": 0.0,
    "sideAccBase": 0.0,
    "sideAccRange": 0.0,
    "rotationalSpeedBase": 0.0,
    "rotationalSpeedRange": 0.0,
    "alphaSpeedBase": 0.050999999046325687,
    "alphaSpeedRange": 0.0,
    "sizeXBase": 15.0,
    "sizeXRange": 0.0,
    "sizeYBase": 15.0,
    "sizeYRange": 0.0,
    "alphaBase": 0.3499999940395355,
    "alphaRange": 0.0,
    "colorRBase": 1.0,
    "colorRRange": 0.0,
    "colorGBase": 0.28600001335144045,
    "colorGRange": 0.0,
    "colorBBase": 0.0,
    "colorBRange": 0.0,
    "isAnchored": false,
    "isRadial": true,
    "isBurst": false,
    "isActive": true,
    "doLoop": true,
    "isColor": true,
    "particleCount": 100,
    "lifetime": 1.0,
    "timeScalar": 1.0210000276565552,
    "posOffsetX": 0.0,
    "posOffsetY": -2.0,
    "waveAlpha": {
        "center": 0.0,
        "height": 0.0,
        "width": 1.0
    },
    "waveForward": {
        "center": 0.0,
        "height": 0.0,
        "width": 1.0
    },
    "waveSide": {
        "center": -0.006000000052154064,
        "height": 0.06599999964237213,
        "width": 5.0
    },
    "waveSize": {
        "center": 0.09799999743700028,
        "height": 1.0440000295639039,
        "width": 0.5680000185966492
    },
    "animIndex": 4
}