{
    "AngleBase": 0.0,
    "AngleRange": 2.9630000591278078,
    "xPosBase": -443.6619873046875,
    "xPosRange": 1665.4930419921876,
    "yPosBase": 0.0,
    "yPosRange": 0.0,
    "forwardVelBase": 10.0,
    "forwardVelRange": 0.0,
    "sideVelBase": 10.0,
    "sideVelRange": 0.0,
    "forwardAccBase": 0.0,
    "forwardAccRange": 0.0,
    "sideAccBase": 0.0,
    "sideAccRange": 0.0,
    "rotationalSpeedBase": -0.007000000216066837,
    "rotationalSpeedRange": 0.02500000037252903,
    "alphaSpeedBase": 0.0,
    "alphaSpeedRange": 0.0,
    "sizeXBase": 65.49299621582031,
    "sizeXRange": 0.0,
    "sizeYBase": 66.54900360107422,
    "sizeYRange": 0.0,
    "alphaBase": 1.0,
    "alphaRange": 0.0,
    "colorRBase": 0.0,
    "colorRRange": 0.0949999988079071,
    "colorGBase": 0.13199999928474427,
    "colorGRange": 0.0949999988079071,
    "colorBBase": 0.08799999952316284,
    "colorBRange": 0.08799999952316284,
    "isAnchored": false,
    "isRadial": false,
    "isBurst": false,
    "isActive": true,
    "doLoop": true,
    "isColor": true,
    "particleCount": 100,
    "lifetime": 5.0,
    "timeScalar": 1.0390000343322755,
    "waveAlpha": {
        "center": 0.0,
        "height": 0.0,
        "width": 1.0
    },
    "waveForward": {
        "center": 0.0,
        "height": 0.2150000035762787,
        "width": 1.2970000505447388
    },
    "waveSide": {
        "center": 2.0,
        "height": 2.0,
        "width": 1.3029999732971192
    },
    "waveSize": {
        "center": -0.0560000017285347,
        "height": 1.6230000257492066,
        "width": 0.05299999937415123
    },
    "animIndex": 9
}