{
    "AngleBase": 0.0,
    "AngleRange": 6.138000011444092,
    "xPosBase": 0.0,
    "xPosRange": 86.20700073242188,
    "yPosBase": 0.0,
    "yPosRange": 0.0,
    "forwardVelBase": 10.0,
    "forwardVelRange": 0.0,
    "sideVelBase": 0.0,
    "sideVelRange": 0.0,
    "forwardAccBase": 4.045000076293945,
    "forwardAccRange": 4.692999839782715,
    "sideAccBase": 0.0,
    "sideAccRange": 0.0,
    "rotationalSpeedBase": 0.0,
    "rotationalSpeedRange": 0.0,
    "alphaSpeedBase": 0.052000001072883609,
    "alphaSpeedRange": 0.0,
    "sizeXBase": 65.37200164794922,
    "sizeXRange": 0.0,
    "sizeYBase": 65.01499938964844,
    "sizeYRange": 0.0,
    "alphaBase": 1.0,
    "alphaRange": 0.0,
    "colorRBase": 1.0,
    "colorRRange": 0.0,
    "colorGBase": 0.6359999775886536,
    "colorGRange": 0.0,
    "colorBBase": 0.0,
    "colorBRange": 0.0,
    "isAnchored": false,
    "isRadial": true,
    "isBurst": true,
    "isActive": true,
    "doLoop": true,
    "isColor": true,
    "particleCount": 50,
    "lifetime": 2.0,
    "timeScalar": 1.7230000495910645,
    "posOffsetX": -3.0,
    "posOffsetY": 0.0,
    "waveAlpha": {
        "center": 0.0,
        "height": 0.0,
        "width": 1.0
    },
    "waveForward": {
        "center": 0.013000000268220902,
        "height": 0.0,
        "width": 0.2070000022649765
    },
    "waveSide": {
        "center": 0.004000000189989805,
        "height": 0.0,
        "width": 1.0
    },
    "waveSize": {
        "center": 0.006000000052154064,
        "height": 0.0,
        "width": 0.0
    },
    "animIndex": 1
}