{
    "AngleBase": 3.0910000801086427,
    "AngleRange": 0.0,
    "xPosBase": 27.915000915527345,
    "xPosRange": 0.0,
    "yPosBase": 37.766998291015628,
    "yPosRange": 49.26100158691406,
    "forwardVelBase": -10.0,
    "forwardVelRange": 10.015999794006348,
    "sideVelBase": -0.04899999871850014,
    "sideVelRange": 0.0,
    "forwardAccBase": 0.0820000022649765,
    "forwardAccRange": 0.0,
    "sideAccBase": 0.0,
    "sideAccRange": 0.0,
    "rotationalSpeedBase": 0.0,
    "rotationalSpeedRange": 0.0,
    "alphaSpeedBase": 0.041999999433755878,
    "alphaSpeedRange": 0.0,
    "sizeXBase": 16.913000106811525,
    "sizeXRange": 0.0,
    "sizeYBase": 16.913000106811525,
    "sizeYRange": 0.0,
    "alphaBase": 1.0,
    "alphaRange": 0.0,
    "colorRBase": 0.4009999930858612,
    "colorRRange": 0.23600000143051148,
    "colorGBase": 0.0,
    "colorGRange": 0.0,
    "colorBBase": 0.27399998903274538,
    "colorBRange": 0.1379999965429306,
    "isAnchored": false,
    "isRadial": true,
    "isBurst": false,
    "isActive": true,
    "doLoop": true,
    "isColor": true,
    "particleCount": 100,
    "lifetime": 1.75,
    "timeScalar": 0.9110000133514404,
    "posOffsetX": 75.0,
    "posOffsetY": 10.0,
    "waveAlpha": {
        "center": 0.0,
        "height": 0.0,
        "width": 1.0
    },
    "waveForward": {
        "center": 0.003000000026077032,
        "height": 0.0,
        "width": 0.0
    },
    "waveSide": {
        "center": -0.2529999911785126,
        "height": 0.0,
        "width": 4.031000137329102
    },
    "waveSize": {
        "center": -0.12800000607967378,
        "height": 0.4300000071525574,
        "width": 2.634999990463257
    },
    "animIndex": 3
}