{
    "AngleBase": 0.0,
    "AngleRange": 0.0,
    "xPosBase": -96.61799621582031,
    "xPosRange": 1729.468994140625,
    "yPosBase": 333.3330078125,
    "yPosRange": 487.9230041503906,
    "forwardVelBase": 0.7730000019073486,
    "forwardVelRange": 0.0,
    "sideVelBase": 0.0,
    "sideVelRange": 0.0,
    "forwardAccBase": 0.0,
    "forwardAccRange": 0.0,
    "sideAccBase": 0.0,
    "sideAccRange": 0.0,
    "rotationalSpeedBase": 0.0,
    "rotationalSpeedRange": 0.0,
    "alphaSpeedBase": 0.0020000000949949028,
    "alphaSpeedRange": 0.0,
    "sizeXBase": 4.830999851226807,
    "sizeXRange": 0.0,
    "sizeYBase": 4.3480000495910648,
    "sizeYRange": 0.0,
    "alphaBase": 0.36000001430511477,
    "alphaRange": 0.38600000739097597,
    "colorRBase": 1.0,
    "colorRRange": 0.0,
    "colorGBase": 0.8379999995231628,
    "colorGRange": 0.12099999934434891,
    "colorBBase": 0.8450000286102295,
    "colorBRange": 0.12999999523162843,
    "isAnchored": false,
    "isRadial": true,
    "isBurst": false,
    "isActive": true,
    "doLoop": true,
    "isColor": true,
    "particleCount": 500,
    "lifetime": 10.0,
    "timeScalar": 1.0,
    "waveAlpha": {
        "center": 0.0,
        "height": 0.0,
        "width": 1.0
    },
    "waveForward": {
        "center": 0.0,
        "height": 0.0,
        "width": 1.0
    },
    "waveSide": {
        "center": 0.0,
        "height": 0.0,
        "width": 1.0
    },
    "waveSize": {
        "center": 0.0,
        "height": 0.0,
        "width": 1.0
    },
    "animIndex": 5
}