{
    "AngleBase": 4.710000038146973,
    "AngleRange": 12.5600004196167,
    "xPosBase": 0.0,
    "xPosRange": 0.0,
    "yPosBase": 0.0,
    "yPosRange": 0.0,
    "forwardVelBase": 4.052000045776367,
    "forwardVelRange": 3.0480000972747804,
    "sideVelBase": 0.0,
    "sideVelRange": 0.0,
    "forwardAccBase": 0.0,
    "forwardAccRange": 0.0,
    "sideAccBase": 0.0,
    "sideAccRange": 0.0,
    "rotationalSpeedBase": 0.0,
    "rotationalSpeedRange": 0.0,
    "alphaSpeedBase": 0.029999999329447748,
    "alphaSpeedRange": 0.0,
    "sizeXBase": 14.869999885559082,
    "sizeXRange": 0.0,
    "sizeYBase": 15.0,
    "sizeYRange": 0.0,
    "alphaBase": 1.0,
    "alphaRange": 0.0,
    "colorRBase": 1.0,
    "colorRRange": 0.0,
    "colorGBase": 0.0,
    "colorGRange": 0.0,
    "colorBBase": 1.0,
    "colorBRange": 0.0,
    "isAnchored": false,
    "isRadial": true,
    "isBurst": false,
    "isActive": true,
    "doLoop": true,
    "isColor": true,
    "particleCount": 100,
    "lifetime": 1.0,
    "timeScalar": 2.26200008392334,
    "posOffsetX": 0.0,
    "posOffsetY": 0.0,
    "waveAlpha": {
        "center": -0.34200000762939455,
        "height": 0.0,
        "width": 2.555999994277954
    },
    "waveForward": {
        "center": 0.014999999664723874,
        "height": 0.0,
        "width": 2.5190000534057619
    },
    "waveSide": {
        "center": 0.3790000081062317,
        "height": 0.0,
        "width": 2.7699999809265138
    },
    "waveSize": {
        "center": -1.0859999656677247,
        "height": 1.0820000171661378,
        "width": 0.21400000154972077
    },
    "animIndex": 5
}