{
    "AngleBase": 0.0,
    "AngleRange": 6.28000020980835,
    "xPosBase": 1.0889999866485596,
    "xPosRange": 627.4509887695313,
    "yPosBase": 225.49000549316407,
    "yPosRange": 0.0,
    "forwardVelBase": 0.02199999988079071,
    "forwardVelRange": 0.0,
    "sideVelBase": 0.0,
    "sideVelRange": 0.0,
    "forwardAccBase": 0.0,
    "forwardAccRange": 0.0,
    "sideAccBase": -7.646999835968018,
    "sideAccRange": 0.0,
    "rotationalSpeedBase": 0.0,
    "rotationalSpeedRange": 0.10000000149011612,
    "alphaSpeedBase": 0.0,
    "alphaSpeedRange": 0.0,
    "sizeXBase": 2.3970000743865969,
    "sizeXRange": 7.8429999351501469,
    "sizeYBase": 2.8320000171661379,
    "sizeYRange": 7.4070000648498539,
    "alphaBase": 1.0,
    "alphaRange": 0.0,
    "colorRBase": 0.46000000834465029,
    "colorRRange": 0.0,
    "colorGBase": 0.24799999594688416,
    "colorGRange": 0.0,
    "colorBBase": 0.16099999845027924,
    "colorBRange": 0.0,
    "isAnchored": false,
    "isRadial": false,
    "isBurst": false,
    "isActive": true,
    "doLoop": true,
    "isColor": true,
    "particleCount": 51,
    "lifetime": 0.75,
    "timeScalar": 1.0,
    "waveAlpha": {
        "center": 0.0,
        "height": 0.0,
        "width": 1.0
    },
    "waveForward": {
        "center": 0.0,
        "height": 0.0,
        "width": 1.0
    },
    "waveSide": {
        "center": 0.0,
        "height": 0.0,
        "width": 1.0
    },
    "waveSize": {
        "center": 0.0,
        "height": 0.0,
        "width": 1.0
    },
    "animIndex": 2
}