{
    "AngleBase": 0.0,
    "AngleRange": 0.0,
    "xPosBase": 0.0,
    "xPosRange": 79.4219970703125,
    "yPosBase": 0.0,
    "yPosRange": 79.4219970703125,
    "forwardVelBase": 0.0,
    "forwardVelRange": 0.0,
    "sideVelBase": 5.053999900817871,
    "sideVelRange": 4.043000221252441,
    "forwardAccBase": 0.0,
    "forwardAccRange": 0.0,
    "sideAccBase": 0.0,
    "sideAccRange": 0.0,
    "rotationalSpeedBase": 0.0,
    "rotationalSpeedRange": 0.0,
    "alphaSpeedBase": -0.0010000000474974514,
    "alphaSpeedRange": 0.03700000047683716,
    "sizeXBase": 20.577999114990236,
    "sizeXRange": 0.0,
    "sizeYBase": 20.577999114990236,
    "sizeYRange": 0.0,
    "alphaBase": 0.0,
    "alphaRange": 0.0,
    "colorRBase": 1.0,
    "colorRRange": 0.0,
    "colorGBase": 1.0,
    "colorGRange": 0.0,
    "colorBBase": 0.6169999837875366,
    "colorBRange": 0.0,
    "isAnchored": false,
    "isRadial": false,
    "isBurst": false,
    "isActive": true,
    "doLoop": true,
    "isColor": true,
    "particleCount": 51,
    "lifetime": 2.0,
    "timeScalar": 1.0,
    "posOffsetX": 0.0,
    "posOffsetY": 0.0,
    "waveAlpha": {
        "center": 0.014000000432133675,
        "height": 2.0,
        "width": 5.0
    },
    "waveForward": {
        "center": 0.0,
        "height": 0.061000000685453418,
        "width": 1.9129999876022339
    },
    "waveSide": {
        "center": 0.0,
        "height": 0.0,
        "width": 1.0
    },
    "waveSize": {
        "center": 0.0,
        "height": 0.375,
        "width": 3.3389999866485597
    },
    "animIndex": 5
}