{
    "AngleBase": 0.0,
    "AngleRange": 6.690999984741211,
    "xPosBase": -6.953999996185303,
    "xPosRange": 278.16400146484377,
    "yPosBase": 225.49000549316407,
    "yPosRange": 0.0,
    "forwardVelBase": 0.02199999988079071,
    "forwardVelRange": 0.0,
    "sideVelBase": 0.0,
    "sideVelRange": 0.0,
    "forwardAccBase": 0.0,
    "forwardAccRange": 0.0,
    "sideAccBase": -7.646999835968018,
    "sideAccRange": 0.0,
    "rotationalSpeedBase": 0.0,
    "rotationalSpeedRange": 0.10000000149011612,
    "alphaSpeedBase": 0.11800000071525574,
    "alphaSpeedRange": 0.0,
    "sizeXBase": 9.317999839782715,
    "sizeXRange": 0.0,
    "sizeYBase": 10.430999755859375,
    "sizeYRange": 0.0,
    "alphaBase": 1.0,
    "alphaRange": 0.0,
    "colorRBase": 0.210999995470047,
    "colorRRange": 0.13099999725818635,
    "colorGBase": 0.22300000488758088,
    "colorGRange": 0.0,
    "colorBBase": 0.2160000056028366,
    "colorBRange": 0.0,
    "isAnchored": false,
    "isRadial": false,
    "isBurst": false,
    "isActive": true,
    "doLoop": true,
    "isColor": true,
    "particleCount": 51,
    "lifetime": 0.75,
    "timeScalar": 1.0080000162124634,
    "posOffsetX": 0.0,
    "posOffsetY": 0.0,
    "waveAlpha": {
        "center": 0.0,
        "height": 0.0,
        "width": 1.0
    },
    "waveForward": {
        "center": 0.0,
        "height": 0.0,
        "width": 1.0
    },
    "waveSide": {
        "center": 0.0,
        "height": 0.0,
        "width": 1.0
    },
    "waveSize": {
        "center": 0.0,
        "height": 0.0,
        "width": 1.0
    },
    "animIndex": 2
}