{
    "AngleBase": 0.0,
    "AngleRange": 6.28000020980835,
    "xPosBase": 1.1759999990463257,
    "xPosRange": 49.4119987487793,
    "yPosBase": 0.0,
    "yPosRange": 0.0,
    "forwardVelBase": -0.07100000232458115,
    "forwardVelRange": 0.0,
    "sideVelBase": 0.0,
    "sideVelRange": 0.0,
    "forwardAccBase": 0.0,
    "forwardAccRange": 0.0,
    "sideAccBase": 0.0,
    "sideAccRange": 0.0,
    "rotationalSpeedBase": 0.0,
    "rotationalSpeedRange": 0.004999999888241291,
    "alphaSpeedBase": 0.061000000685453418,
    "alphaSpeedRange": 0.0,
    "sizeXBase": -13.694000244140625,
    "sizeXRange": 0.0,
    "sizeYBase": -13.600000381469727,
    "sizeYRange": 0.0,
    "alphaBase": 1.0,
    "alphaRange": 0.0,
    "colorRBase": 1.0,
    "colorRRange": 0.0,
    "colorGBase": 1.0,
    "colorGRange": 0.0,
    "colorBBase": 1.0,
    "colorBRange": 0.0,
    "isAnchored": false,
    "isRadial": true,
    "isBurst": false,
    "isActive": true,
    "doLoop": true,
    "isColor": true,
    "particleCount": 100,
    "lifetime": 0.3499999940395355,
    "timeScalar": 0.7409999966621399,
    "waveAlpha": {
        "center": 0.0,
        "height": 0.0,
        "width": 1.0
    },
    "waveForward": {
        "center": 0.21199999749660493,
        "height": 0.0,
        "width": 0.0
    },
    "waveSide": {
        "center": 0.004999999888241291,
        "height": 0.47099998593330386,
        "width": 0.0
    },
    "waveSize": {
        "center": -2.0,
        "height": 1.1720000505447388,
        "width": 3.5179998874664308
    },
    "animIndex": 1
}